[
	{"id":1, "day":"月曜日", "status":false, "content":"見積書を作成する", "insertDate":1350379800000, "disStatus":true},
	{"id":2, "day":"水曜日", "status":true, "content":"Bさんと食事をする", "insertDate":1350646200000, "disStatus":true},
	{"id":3, "day":"木曜日", "status":false, "content":"C社へ電話を掛ける", "insertDate":1350779100000, "disStatus":true},
	{"id":4, "day":"金曜日", "status":false, "content":"Dさんとのテレビ会議", "insertDate":1350779100000, "disStatus":true}
]